ID,Name,Variation,Generation,Draftable,Tier
1,Bulbasaur,,1,False,2
2,Ivysaur,,1,False,3
3,Venusaur,,1,False,11
4,Venusaur,Mega,6,False,15
5,Charmander,,1,False,2
6,Charmeleon,,1,False,3
7,Charizard,,1,False,9
8,Charizard,Mega-X,6,False,18
9,Charizard,Mega-Y,6,False,18
10,Squirtle,,1,False,2
11,Wartortle,,1,False,3
12,Blastoise,,1,False,12
13,Blastoise,Mega,6,False,17
14,Caterpie,,1,False,1
15,Metapod,,1,False,1
16,Butterfree,,1,False,6
17,Weedle,,1,False,1
18,Kakuna,,1,False,1
19,Beedrill,,1,False,3
20,Beedrill,Mega,6,False,16
21,Pidgey,,1,False,2
22,Pidgeotto,,1,False,3
23,Pidgeot,,1,False,6
24,Pidgeot,Mega,6,False,13
25,Rattata,,1,False,1
26,Rattata,Alola,7,False,1
27,Raticate,,1,False,5
28,Raticate,Alola,7,False,5
29,Spearow,,1,False,2
30,Fearow,,1,False,7
31,Ekans,,1,False,2
32,Arbok,,1,False,5
33,Pikachu,,1,False,4
34,Pikachu,Partner,1,False,0
35,Raichu,,1,False,10
36,Raichu,Alola,7,False,12
37,Sandshrew,,1,False,3
38,Sandshrew,Alola,7,False,2
39,Sandslash,,1,False,8
40,Sandslash,Alola,7,False,12
41,Nidoran,F,1,False,2
42,Nidorina,,1,False,3
43,Nidoqueen,,1,False,10
44,Nidoran,M,1,False,2
45,Nidorino,,1,False,3
46,Nidoking,,1,False,10
47,Clefairy,,1,False,6
48,Clefable,,1,False,16
49,Vulpix,,1,False,2
50,Vulpix,Alola,7,False,3
51,Ninetales,,1,False,10
52,Ninetales,Alola,7,False,14
53,Jigglypuff,,1,False,2
54,Wigglytuff,,1,False,6
55,Zubat,,1,False,1
56,Golbat,,1,False,5
57,Oddish,,1,False,2
58,Gloom,,1,False,4
59,Vileplume,,1,False,10
60,Paras,,1,False,1
61,Parasect,,1,False,3
62,Venonat,,1,False,2
63,Venomoth,,1,False,7
64,Diglett,,1,False,3
65,Diglett,Alola,7,False,3
66,Dugtrio,,1,False,7
67,Dugtrio,Alola,7,False,7
68,Meowth,,1,False,2
69,Meowth,Alola,7,False,0
70,Meowth,Galar,8,False,2
71,Persian,,1,False,7
72,Persian,Alola,7,False,5
73,Psyduck,,1,False,2
74,Golduck,,1,False,9
75,Mankey,,1,False,2
76,Primeape,,1,False,6
77,Growlithe,,1,False,3
78,Growlithe,Hisui,1,False,3
79,Arcanine,,1,False,12
80,Arcanine,Hisui,1,False,14
81,Poliwag,,1,False,2
82,Poliwhirl,,1,False,3
83,Poliwrath,,1,False,8
84,Abra,,1,False,1
85,Kadabra,,1,False,5
86,Alakazam,,1,False,12
87,Alakazam,Mega,6,False,17
88,Machop,,1,False,2
89,Machoke,,1,False,5
90,Machamp,,1,False,8
91,Bellsprout,,1,False,0
92,Weepinbell,,1,False,3
93,Victreebel,,1,False,8
94,Tentacool,,1,False,3
95,Tentacruel,,1,False,9
96,Geodude,,1,False,2
97,Geodude,Alola,7,False,2
98,Graveler,,1,False,4
99,Graveler,Alola,7,False,4
100,Golem,,1,False,7
101,Golem,Alola,7,False,8
102,Ponyta,,1,False,3
103,Ponyta,Galar,8,False,0
104,Rapidash,,1,False,8
105,Rapidash,Galar,8,False,7
106,Slowpoke,,1,False,4
107,Slowpoke,Galar,8,False,3
108,Slowbro,,1,False,15
109,Slowbro,Mega,6,False,16
110,Slowbro,Galar,8,False,11
111,Magnemite,,1,False,2
112,Magneton,,1,False,6
113,Farfetchd,,1,False,2
114,Farfetchd,Galar,8,False,2
115,Doduo,,1,False,2
116,Dodrio,,1,False,8
117,Seel,,1,False,2
118,Dewgong,,1,False,6
119,Grimer,,1,False,3
120,Grimer,Alola,7,False,3
121,Muk,,1,False,11
122,Muk,Alola,7,False,12
123,Shellder,,1,False,2
124,Cloyster,,1,False,9
125,Gastly,,1,False,2
126,Haunter,,1,False,4
127,Gengar,,1,False,12
128,Gengar,Mega,6,False,0
129,Onix,,1,False,2
130,Drowzee,,1,False,3
131,Hypno,,1,False,7
132,Krabby,,1,False,2
133,Kingler,,1,False,6
134,Voltorb,,1,False,2
135,Voltorb,Hisui,1,False,4
136,Electrode,,1,False,6
137,Electrode,Hisui,1,False,6
138,Exeggcute,,1,False,2
139,Exeggutor,,1,False,8
140,Exeggutor,Alola,7,False,8
141,Cubone,,1,False,2
142,Marowak,,1,False,6
143,Marowak,Alola,7,False,11
144,Hitmonlee,,1,False,9
145,Hitmonchan,,1,False,7
146,Lickitung,,1,False,5
147,Koffing,,1,False,2
148,Weezing,,1,False,12
149,Weezing,Galar,8,False,12
150,Rhyhorn,,1,False,2
151,Rhydon,,1,False,9
152,Chansey,,1,False,7
153,Tangela,,1,False,3
154,Kangaskhan,,1,False,7
155,Kangaskhan,Mega,6,False,16
156,Horsea,,1,False,2
157,Seadra,,1,False,6
158,Goldeen,,1,False,2
159,Seaking,,1,False,7
160,Staryu,,1,False,3
161,Starmie,,1,False,11
162,Mr. Mime,,1,False,6
163,Mr. Mime,Galar,8,False,4
164,Scyther,,1,False,6
165,Jynx,,1,False,7
166,Electabuzz,,1,False,7
167,Magmar,,1,False,7
168,Pinsir,,1,False,7
169,Pinsir,Mega,6,False,14
170,Tauros,,1,False,10
171,Tauros,Paldea-Combat,1,False,0
172,Tauros,Paldea-Blaze,1,False,0
173,Tauros,Paldea-Aqua,1,False,0
174,Magikarp,,1,False,1
175,Gyarados,,1,False,13
176,Gyarados,Mega,6,False,16
177,Lapras,,1,False,7
178,Ditto,,1,False,0
179,Eevee,,1,False,2
180,Eevee,Starter,1,False,0
181,Vaporeon,,1,False,10
182,Jolteon,,1,False,11
183,Flareon,,1,False,8
184,Porygon,,1,False,5
185,Omanyte,,1,False,2
186,Omastar,,1,False,8
187,Kabuto,,1,False,2
188,Kabutops,,1,False,11
189,Aerodactyl,,1,False,11
190,Aerodactyl,Mega,6,False,15
191,Snorlax,,1,False,9
192,Articuno,,1,False,12
193,Articuno,Galar,8,False,12
194,Zapdos,,1,False,17
195,Zapdos,Galar,8,False,15
196,Moltres,,1,False,14
197,Moltres,Galar,8,False,14
198,Dratini,,1,False,2
199,Dragonair,,1,False,5
200,Dragonite,,1,False,17
201,Mewtwo,,1,False,20
202,Mewtwo,Mega-X,6,False,21
203,Mewtwo,Mega-Y,6,False,0
204,Mew,,1,False,14
205,Chikorita,,2,False,2
206,Bayleef,,2,False,3
207,Meganium,,2,False,8
208,Cyndaquil,,2,False,2
209,Quilava,,2,False,3
210,Typhlosion,,2,False,9
211,Typhlosion,Hisui,2,False,13
212,Totodile,,2,False,2
213,Croconaw,,2,False,3
214,Feraligatr,,2,False,11
215,Sentret,,2,False,2
216,Furret,,2,False,6
217,Hoothoot,,2,False,2
218,Noctowl,,2,False,7
219,Ledyba,,2,False,0
220,Ledian,,2,False,5
221,Spinarak,,2,False,2
222,Ariados,,2,False,4
223,Crobat,,2,False,10
224,Chinchou,,2,False,2
225,Lanturn,,2,False,8
226,Pichu,,2,False,1
227,Cleffa,,2,False,1
228,Igglybuff,,2,False,1
229,Togepi,,2,False,2
230,Togetic,,2,False,0
231,Natu,,2,False,3
232,Xatu,,2,False,9
233,Mareep,,2,False,2
234,Flaaffy,,2,False,0
235,Ampharos,,2,False,7
236,Ampharos,Mega,6,False,12
237,Bellossom,,2,False,9
238,Marill,,2,False,2
239,Azumarill,,2,False,13
240,Sudowoodo,,2,False,0
241,Politoed,,2,False,10
242,Hoppip,,2,False,2
243,Skiploom,,2,False,3
244,Jumpluff,,2,False,7
245,Aipom,,2,False,0
246,Sunkern,,2,False,1
247,Sunflora,,2,False,4
248,Yanma,,2,False,3
249,Wooper,,2,False,2
250,Wooper,Paldea,2,False,0
251,Quagsire,,2,False,12
252,Espeon,,2,False,12
253,Umbreon,,2,False,13
254,Murkrow,,2,False,4
255,Slowking,,2,False,15
256,Slowking,Galar,8,False,16
257,Misdreavus,,2,False,3
258,Unown,,2,False,1
259,Wobbuffet,,2,False,6
260,Girafarig,,2,False,7
261,Pineco,,2,False,2
262,Forretress,,2,False,8
263,Dunsparce,,2,False,5
264,Gligar,,2,False,6
265,Steelix,,2,False,8
266,Steelix,Mega,6,False,11
267,Snubbull,,2,False,2
268,Granbull,,2,False,6
269,Qwilfish,,2,False,3
270,Qwilfish,Hisui,2,False,0
271,Scizor,,2,False,16
272,Scizor,Mega,6,False,18
273,Shuckle,,2,False,6
274,Heracross,,2,False,11
275,Heracross,Mega,6,False,14
276,Sneasel,,2,False,3
277,Sneasel,Hisui,2,False,6
278,Teddiursa,,2,False,2
279,Ursaring,,2,False,7
280,Slugma,,2,False,2
281,Magcargo,,2,False,5
282,Swinub,,2,False,2
283,Piloswine,,2,False,7
284,Corsola,,2,False,7
285,Corsola,Galar,8,False,8
286,Remoraid,,2,False,2
287,Octillery,,2,False,6
288,Delibird,,2,False,5
289,Mantine,,2,False,10
290,Skarmory,,2,False,12
291,Houndour,,2,False,2
292,Houndoom,,2,False,8
293,Houndoom,Mega,6,False,11
294,Kingdra,,2,False,12
295,Phanpy,,2,False,2
296,Donphan,,2,False,11
297,Porygon2,,2,False,9
298,Stantler,,2,False,6
299,Smeargle,,2,False,6
300,Tyrogue,,2,False,2
301,Hitmontop,,2,False,11
302,Smoochum,,2,False,2
303,Elekid,,2,False,2
304,Magby,,2,False,2
305,Miltank,,2,False,7
306,Blissey,,2,False,14
307,Raikou,,2,False,12
308,Entei,,2,False,13
309,Suicune,,2,False,13
310,Larvitar,,2,False,2
311,Pupitar,,2,False,5
312,Tyranitar,,2,False,14
313,Tyranitar,Mega,6,False,15
314,Lugia,,2,False,20
315,Ho-oh,,2,False,20
316,Celebi,,2,False,11
317,Treecko,,3,False,2
318,Grovyle,,3,False,0
319,Sceptile,,3,False,10
320,Sceptile,Mega,6,False,16
321,Torchic,,3,False,2
322,Combusken,,3,False,3
323,Blaziken,,3,False,18
324,Blaziken,Mega,6,False,18
325,Mudkip,,3,False,2
326,Marshtomp,,3,False,3
327,Swampert,,3,False,12
328,Swampert,Mega,6,False,16
329,Poochyena,,3,False,1
330,Mightyena,,3,False,5
331,Zigzagoon,,3,False,1
332,Zigzagoon,Galar,8,False,1
333,Linoone,,3,False,6
334,Linoone,Galar,8,False,3
335,Wurmple,,3,False,1
336,Silcoon,,3,False,1
337,Beautifly,,3,False,0
338,Cascoon,,3,False,0
339,Dustox,,3,False,2
340,Lotad,,3,False,1
341,Lombre,,3,False,0
342,Ludicolo,,3,False,10
343,Seedot,,3,False,1
344,Nuzleaf,,3,False,0
345,Shiftry,,3,False,9
346,Taillow,,3,False,2
347,Swellow,,3,False,8
348,Wingull,,3,False,2
349,Pelipper,,3,False,14
350,Ralts,,3,False,2
351,Kirlia,,3,False,3
352,Gardevoir,,3,False,12
353,Gardevoir,Mega,6,False,17
354,Surskit,,3,False,2
355,Masquerain,,3,False,6
356,Shroomish,,3,False,2
357,Breloom,,3,False,11
358,Slakoth,,3,False,1
359,Vigoroth,,3,False,6
360,Slaking,,3,False,8
361,Nincada,,3,False,1
362,Ninjask,,3,False,9
363,Shedinja,,3,False,15
364,Whismur,,3,False,1
365,Loudred,,3,False,3
366,Exploud,,3,False,7
367,Makuhita,,3,False,2
368,Hariyama,,3,False,11
369,Azurill,,3,False,1
370,Nosepass,,3,False,3
371,Skitty,,3,False,2
372,Delcatty,,3,False,6
373,Sableye,,3,False,11
374,Sableye,Mega,6,False,17
375,Mawile,,3,False,6
376,Mawile,Mega,6,False,18
377,Aron,,3,False,2
378,Lairon,,3,False,4
379,Aggron,,3,False,9
380,Aggron,Mega,6,False,14
381,Meditite,,3,False,2
382,Medicham,,3,False,8
383,Medicham,Mega,6,False,14
384,Electrike,,3,False,2
385,Manectric,,3,False,7
386,Manectric,Mega,6,False,13
387,Plusle,,3,False,3
388,Minun,,3,False,3
389,Volbeat,,3,False,5
390,Illumise,,3,False,5
391,Roselia,,3,False,4
392,Gulpin,,3,False,2
393,Swalot,,3,False,7
394,Carvanha,,3,False,2
395,Sharpedo,,3,False,8
396,Sharpedo,Mega,6,False,15
397,Wailmer,,3,False,3
398,Wailord,,3,False,7
399,Numel,,3,False,2
400,Camerupt,,3,False,7
401,Camerupt,Mega,6,False,14
402,Torkoal,,3,False,10
403,Spoink,,3,False,2
404,Grumpig,,3,False,7
405,Spinda,,3,False,2
406,Trapinch,,3,False,2
407,Vibrava,,3,False,0
408,Flygon,,3,False,9
409,Cacnea,,3,False,2
410,Cacturne,,3,False,6
411,Swablu,,3,False,3
412,Altaria,,3,False,7
413,Altaria,Mega,6,False,15
414,Zangoose,,3,False,8
415,Seviper,,3,False,5
416,Lunatone,,3,False,8
417,Solrock,,3,False,8
418,Barboach,,3,False,2
419,Whiscash,,3,False,7
420,Corphish,,3,False,3
421,Crawdaunt,,3,False,12
422,Baltoy,,3,False,2
423,Claydol,,3,False,8
424,Lileep,,3,False,0
425,Cradily,,3,False,7
426,Anorith,,3,False,2
427,Armaldo,,3,False,7
428,Feebas,,3,False,1
429,Milotic,,3,False,13
430,Castform,,3,False,3
431,Castform,Sunny,3,False,0
432,Castform,Rainy,3,False,0
433,Castform,Snowy,3,False,0
434,Kecleon,,3,False,4
435,Shuppet,,3,False,2
436,Banette,,3,False,7
437,Banette,Mega,6,False,11
438,Duskull,,3,False,2
439,Dusclops,,3,False,8
440,Tropius,,3,False,8
441,Chimecho,,3,False,5
442,Absol,,3,False,11
443,Absol,Mega,6,False,15
444,Wynaut,,3,False,1
445,Snorunt,,3,False,2
446,Glalie,,3,False,4
447,Glalie,Mega,6,False,0
448,Spheal,,3,False,2
449,Sealeo,,3,False,3
450,Walrein,,3,False,6
451,Clamperl,,3,False,3
452,Huntail,,3,False,5
453,Gorebyss,,3,False,5
454,Relicanth,,3,False,8
455,Luvdisc,,3,False,3
456,Bagon,,3,False,2
457,Shelgon,,3,False,3
458,Salamence,,3,False,13
459,Salamence,Mega,6,False,20
460,Beldum,,3,False,2
461,Metang,,3,False,5
462,Metagross,,3,False,14
463,Metagross,Mega,6,False,20
464,Regirock,,3,False,10
465,Regice,,3,False,9
466,Registeel,,3,False,12
467,Latias,,3,False,16
468,Latias,Mega,6,False,17
469,Latios,,3,False,16
470,Latios,Mega,6,False,17
471,Kyogre,,3,False,0
472,Kyogre,Primal,3,False,0
473,Groudon,,3,False,0
474,Groudon,Primal,3,False,0
475,Rayquaza,,3,False,19
476,Rayquaza,Mega,6,False,0
477,Jirachi,,3,False,14
478,Deoxys,,3,False,20
479,Deoxys,Attack,3,False,
480,Deoxys,Defense,3,False,
481,Deoxys,Speed,3,False,
482,Turtwig,,4,False,2
483,Grotle,,4,False,4
484,Torterra,,4,False,11
485,Chimchar,,4,False,2
486,Monferno,,4,False,4
487,Infernape,,4,False,13
488,Piplup,,4,False,2
489,Prinplup,,4,False,5
490,Empoleon,,4,False,12
491,Starly,,4,False,2
492,Staravia,,4,False,3
493,Staraptor,,4,False,11
494,Bidoof,,4,False,2
495,Bibarel,,4,False,0
496,Kricketot,,4,False,1
497,Kricketune,,4,False,5
498,Shinx,,4,False,2
499,Luxio,,4,False,3
500,Luxray,,4,False,8
501,Budew,,4,False,2
502,Roserade,,4,False,11
503,Cranidos,,4,False,3
504,Rampardos,,4,False,7
505,Shieldon,,4,False,3
506,Bastiodon,,4,False,7
507,Burmy,,4,False,1
508,Burmy,Sandy,4,False,1
509,Burmy,Trash,4,False,1
510,Wormadam,,4,False,5
511,Wormadam,Sandy,4,False,0
512,Wormadam,Trash,4,False,0
513,Mothim,,4,False,6
514,Combee,,4,False,1
515,Vespiquen,,4,False,10
516,Pachirisu,,4,False,0
517,Buizel,,4,False,2
518,Floatzel,,4,False,12
519,Cherubi,,4,False,2
520,Cherrim,,4,False,6
521,Shellos,,4,False,3
522,Gastrodon,,4,False,12
523,Ambipom,,4,False,8
524,Drifloon,,4,False,2
525,Drifblim,,4,False,8
526,Buneary,,4,False,2
527,Lopunny,,4,False,7
528,Lopunny,Mega,6,False,14
529,Mismagius,,4,False,9
530,Honchkrow,,4,False,9
531,Glameow,,4,False,2
532,Purugly,,4,False,6
533,Chingling,,4,False,2
534,Stunky,,4,False,2
535,Skuntank,,4,False,8
536,Bronzor,,4,False,3
537,Bronzong,,4,False,12
538,Bonsly,,4,False,2
539,Mime Jr.,,4,False,2
540,Happiny,,4,False,1
541,Chatot,,4,False,6
542,Spiritomb,,4,False,7
543,Gible,,4,False,2
544,Gabite,,4,False,4
545,Garchomp,,4,False,17
546,Garchomp,Mega,6,False,18
547,Munchlax,,4,False,3
548,Riolu,,4,False,2
549,Lucario,,4,False,14
550,Lucario,Mega,6,False,16
551,Hippopotas,,4,False,3
552,Hippowdon,,4,False,14
553,Skorupi,,4,False,2
554,Drapion,,4,False,10
555,Croagunk,,4,False,2
556,Toxicroak,,4,False,11
557,Carnivine,,4,False,5
558,Finneon,,4,False,2
559,Lumineon,,4,False,7
560,Mantyke,,4,False,3
561,Snover,,4,False,3
562,Abomasnow,,4,False,11
563,Abomasnow,Mega,6,False,12
564,Weavile,,4,False,16
565,Magnezone,,4,False,0
566,Lickilicky,,4,False,0
567,Rhyperior,,4,False,11
568,Tangrowth,,4,False,12
569,Electivire,,4,False,10
570,Magmortar,,4,False,10
571,Togekiss,,4,False,10
572,Yanmega,,4,False,10
573,Leafeon,,4,False,9
574,Glaceon,,4,False,10
575,Gliscor,,4,False,17
576,Mamoswine,,4,False,12
577,Porygon-Z,,4,False,13
578,Gallade,,4,False,12
579,Gallade,Mega,6,False,14
580,Probopass,,4,False,8
581,Dusknoir,,4,False,9
582,Froslass,,4,False,10
583,Rotom,,4,False,10
584,Rotom,Heat,4,False,14
585,Rotom,Wash,4,False,16
586,Rotom,Frost,4,False,11
587,Rotom,Fan,4,False,10
588,Rotom,Mow,4,False,12
589,Uxie,,4,False,10
590,Mesprit,,4,False,10
591,Azelf,,4,False,11
592,Dialga,,4,False,20
593,Dialga,Origin,4,False,20
594,Palkia,,4,False,20
595,Palkia,Origin,4,False,20
596,Heatran,,4,False,16
597,Regigigas,,4,False,9
598,Giratina,,4,False,20
599,Giratina,Origin,4,False,20
600,Cresselia,,4,False,12
601,Phione,,4,False,8
602,Manaphy,,4,False,14
603,Darkrai,,4,False,18
604,Shaymin,,4,False,10
605,Shaymin,Sky,4,False,19
606,Arceus,,4,False,0
607,Victini,,5,False,14
608,Snivy,,5,False,2
609,Servine,,5,False,3
610,Serperior,,5,False,15
611,Tepig,,5,False,2
612,Pignite,,5,False,3
613,Emboar,,5,False,11
614,Oshawott,,5,False,2
615,Dewott,,5,False,3
616,Samurott,,5,False,11
617,Samurott,Hisui,5,False,15
618,Patrat,,5,False,1
619,Watchog,,5,False,3
620,Lillipup,,5,False,1
621,Herdier,,5,False,3
622,Stoutland,,5,False,9
623,Purrloin,,5,False,1
624,Liepard,,5,False,8
625,Pansage,,5,False,2
626,Simisage,,5,False,6
627,Pansear,,5,False,2
628,Simisear,,5,False,7
629,Panpour,,5,False,2
630,Simipour,,5,False,7
631,Munna,,5,False,2
632,Musharna,,5,False,7
633,Pidove,,5,False,1
634,Tranquill,,5,False,3
635,Unfezant,,5,False,7
636,Blitzle,,5,False,1
637,Zebstrika,,5,False,7
638,Roggenrola,,5,False,2
639,Boldore,,5,False,5
640,Gigalith,,5,False,11
641,Woobat,,5,False,2
642,Swoobat,,5,False,8
643,Drilbur,,5,False,2
644,Excadrill,,5,False,15
645,Audino,,5,False,7
646,Audino,Mega,6,False,0
647,Timburr,,5,False,2
648,Gurdurr,,5,False,6
649,Conkeldurr,,5,False,14
650,Tympole,,5,False,1
651,Palpitoad,,5,False,3
652,Seismitoad,,5,False,12
653,Throh,,5,False,9
654,Sawk,,5,False,9
655,Sewaddle,,5,False,2
656,Swadloon,,5,False,3
657,Leavanny,,5,False,9
658,Venipede,,5,False,1
659,Whirlipede,,5,False,3
660,Scolipede,,5,False,11
661,Cottonee,,5,False,2
662,Whimsicott,,5,False,9
663,Petilil,,5,False,1
664,Lilligant,,5,False,9
665,Lilligant,Hisui,5,False,14
666,Basculin,,5,False,8
667,Basculin,Blue-Striped,5,False,0
668,Basculin,White-Striped,5,False,0
669,Sandile,,5,False,2
670,Krokorok,,5,False,3
671,Krookodile,,5,False,12
672,Darumaka,,5,False,2
673,Darumaka,Galar,8,False,2
674,Darmanitan,,5,False,12
675,Darmanitan,Zen,5,False,0
676,Darmanitan,Galar,8,False,14
677,Darmanitan,Galar-Zen,8,False,0
678,Maractus,,5,False,7
679,Dwebble,,5,False,0
680,Crustle,,5,False,6
681,Scraggy,,5,False,0
682,Scrafty,,5,False,11
683,Sigilyph,,5,False,10
684,Yamask,,5,False,2
685,Yamask,Galar,8,False,3
686,Cofagrigus,,5,False,8
687,Tirtouga,,5,False,2
688,Carracosta,,5,False,6
689,Archen,,5,False,3
690,Archeops,,5,False,0
691,Trubbish,,5,False,2
692,Garbodor,,5,False,7
693,Zorua,,5,False,2
694,Zorua,Hisui,5,False,3
695,Zoroark,,5,False,11
696,Zoroark,Hisui,5,False,13
697,Minccino,,5,False,2
698,Cinccino,,5,False,12
699,Gothita,,5,False,2
700,Gothorita,,5,False,3
701,Gothitelle,,5,False,0
702,Solosis,,5,False,2
703,Duosion,,5,False,4
704,Reuniclus,,5,False,13
705,Ducklett,,5,False,2
706,Swanna,,5,False,8
707,Vanillite,,5,False,2
708,Vanillish,,5,False,3
709,Vanilluxe,,5,False,10
710,Deerling,,5,False,2
711,Sawsbuck,,5,False,7
712,Emolga,,5,False,5
713,Karrablast,,5,False,1
714,Escavalier,,5,False,9
715,Foongus,,5,False,2
716,Amoonguss,,5,False,13
717,Frillish,,5,False,3
718,Jellicent,,5,False,10
719,Alomomola,,5,False,16
720,Joltik,,5,False,1
721,Galvantula,,5,False,9
722,Ferroseed,,5,False,6
723,Ferrothorn,,5,False,17
724,Klink,,5,False,2
725,Klang,,5,False,3
726,Klinklang,,5,False,9
727,Tynamo,,5,False,1
728,Eelektrik,,5,False,3
729,Eelektross,,5,False,9
730,Elgyem,,5,False,9
731,Beheeyem,,5,False,0
732,Litwick,,5,False,2
733,Lampent,,5,False,3
734,Chandelure,,5,False,13
735,Axew,,5,False,2
736,Fraxure,,5,False,4
737,Haxorus,,5,False,13
738,Cubchoo,,5,False,2
739,Beartic,,5,False,8
740,Cryogonal,,5,False,10
741,Shelmet,,5,False,2
742,Accelgor,,5,False,8
743,Stunfisk,,5,False,6
744,Stunfiskk,Galar,8,False,8
745,Mienfoo,,5,False,3
746,Mienshao,,5,False,11
747,Druddigon,,5,False,7
748,Golett,,5,False,2
749,Golurk,,5,False,11
750,Pawniard,,5,False,0
751,Bisharp,,5,False,10
752,Bouffalant,,5,False,8
753,Rufflet,,5,False,2
754,Braviary,,5,False,9
755,Braviary,Hisui,5,False,13
756,Vullaby,,5,False,5
757,Mandibuzz,,5,False,13
758,Heatmor,,5,False,6
759,Durant,,5,False,10
760,Deino,,5,False,2
761,Zweilous,,5,False,4
762,Hydreigon,,5,False,15
763,Larvesta,,5,False,3
764,Volcarona,,5,False,18
765,Cobalion,,5,False,13
766,Terrakion,,5,False,14
767,Virizion,,5,False,11
768,Tornadus,,5,False,12
769,Tornadus,Therian,5,False,18
770,Thundurus,,5,False,13
771,Thundurus,Therian,5,False,14
772,Reshiram,,5,False,19
773,Zekrom,,5,False,20
774,Landorus,,5,False,0
775,Landorus,Therian,5,False,17
776,Kyurem,,5,False,18
777,Kyurem,White,5,False,20
778,Kyurem,Black,5,False,20
779,Keldeo,,5,False,15
780,Keldeo,Resolute,5,False,0
781,Meloetta,,5,False,12
782,Meloetta,Pirouette,5,False,0
783,Genesect,,5,False,20
784,Chespin,,6,False,2
785,Quilladin,,6,False,5
786,Chesnaught,,6,False,16
787,Fennekin,,6,False,2
788,Braixen,,6,False,3
789,Delphox,,6,False,11
790,Froakie,,6,False,2
791,Frogadier,,6,False,3
792,Greninja,,6,False,16
793,Greninja,Ash,6,False,0
794,Bunnelby,,6,False,1
795,Diggersby,,6,False,10
796,Fletchling,,6,False,2
797,Fletchinder,,6,False,4
798,Talonflame,,6,False,11
799,Scatterbug,,6,False,1
800,Spewpa,,6,False,0
801,Vivillon,,6,False,8
802,Litleo,,6,False,2
803,Pyroar,,6,False,0
804,Flabebe,,6,False,2
805,Floette,,6,False,3
806,Florges,,6,False,10
807,Skiddo,,6,False,3
808,Gogoat,,6,False,10
809,Pancham,,6,False,2
810,Pangoro,,6,False,9
811,Furfrou,,6,False,8
812,Espurr,,6,False,3
813,Meowstic,,6,False,10
814,Meowstic,F,6,False,9
815,Honedge,,6,False,3
816,Doublade,,6,False,6
817,Aegislash,,6,False,14
818,Aegislash,Blade,6,False,0
819,Spritzee,,6,False,3
820,Aromatisse,,6,False,7
821,Swirlix,,6,False,4
822,Slurpuff,,6,False,6
823,Inkay,,6,False,2
824,Malamar,,6,False,8
825,Binacle,,6,False,2
826,Barbaracle,,6,False,8
827,Skrelp,,6,False,2
828,Dragalge,,6,False,11
829,Clauncher,,6,False,2
830,Clawitzer,,6,False,12
831,Helioptile,,6,False,2
832,Heliolisk,,6,False,7
833,Tyrunt,,6,False,2
834,Tyrantrum,,6,False,9
835,Amaura,,6,False,3
836,Aurorus,,6,False,9
837,Sylveon,,6,False,13
838,Hawlucha,,6,False,15
839,Dedenne,,6,False,6
840,Carbink,,6,False,8
841,Goomy,,6,False,2
842,Sliggoo,,6,False,4
843,Sliggoo,Hisui,6,False,5
844,Goodra,,6,False,12
845,Goodra,Hisui,6,False,14
846,Klefki,,6,False,10
847,Phantump,,6,False,0
848,Trevenant,,6,False,9
849,Pumpkaboo,,6,False,2
850,Pumpkaboo,Small,6,False,0
851,Pumpkaboo,Large,6,False,0
852,Pumpkaboo,Super,6,False,0
853,Gourgeist,,6,False,7
854,Gourgeist,Small,6,False,0
855,Gourgeist,Large,6,False,0
856,Gourgeist,Super,6,False,0
857,Bergmite,,6,False,2
858,Avalugg,,6,False,8
859,Avalugg,Hisui,6,False,9
860,Noibat,,6,False,1
861,Noivern,,6,False,10
862,Xerneas,,6,False,20
863,Yveltal,,6,False,20
864,Zygarde,,6,False,13
865,Zygarde,10%,6,False,0
866,Zygarde,Complete,6,False,0
867,Diancie,,6,False,14
868,Diancie,Mega,6,False,20
869,Hoopa,,6,False,11
870,Hoopa,Unbound,6,False,14
871,Volcanion,,6,False,15
872,Rowlet,,7,False,2
873,Dartrix,,7,False,5
874,Decidueye,,7,False,10
875,Decidueye,Hisui,7,False,12
876,Litten,,7,False,2
877,Torracat,,7,False,4
878,Incineroar,,7,False,11
879,Popplio,,7,False,2
880,Brionne,,7,False,3
881,Primarina,,7,False,15
882,Pikipek,,7,False,1
883,Trumbeak,,7,False,3
884,Toucannon,,7,False,6
885,Yungoos,,7,False,1
886,Gumshoos,,7,False,4
887,Grubbin,,7,False,2
888,Charjabug,,7,False,3
889,Vikavolt,,7,False,8
890,Crabrawler,,7,False,2
891,Crabominable,,7,False,8
892,Oricorio,,7,False,0
893,Oricorio,Pom-Pom,7,False,0
894,Oricorio,Pa'u,7,False,0
895,Oricorio,Sensu,7,False,0
1193,Oricorio,All-Variations,7,False,10
896,Cutiefly,,7,False,2
897,Ribombee,,7,False,9
898,Rockruff,,7,False,2
899,Rockruff,Own-Tempo,7,False,0
900,Lycanroc,,7,False,0
901,Lycanroc,Midnight,7,False,0
902,Lycanroc,Dusk,7,False,12
903,Wishiwashi,,7,False,4
904,Wishiwashi,School,7,False,0
905,Mareanie,,7,False,3
906,Toxapex,,7,False,17
907,Mudbray,,7,False,3
908,Mudsdale,,7,False,11
909,Dewpider,,7,False,3
910,Araquanid,,7,False,13
911,Fomantis,,7,False,2
912,Lurantis,,7,False,8
913,Morelull,,7,False,3
914,Shiinotic,,7,False,5
915,Salandit,,7,False,2
916,Salazzle,,7,False,9
917,Stufful,,7,False,2
918,Bewear,,7,False,7
919,Bounsweet,,7,False,1
920,Steenee,,7,False,2
921,Tsareena,,7,False,8
922,Comfey,,7,False,10
923,Oranguru,,7,False,8
924,Passimian,,7,False,9
925,Wimpod,,7,False,1
926,Golisopod,,7,False,7
927,Sandygast,,7,False,3
928,Palossand,,7,False,7
929,Pyukumuku,,7,False,12
930,Type: Null,,7,False,7
931,Silvally,,7,False,11
932,Minior,Meteor,7,False,0
933,Minior,,7,False,8
934,Komala,,7,False,6
935,Turtonator,,7,False,6
936,Togedemaru,,7,False,5
937,Mimikyu,,7,False,13
938,Bruxish,,7,False,6
939,Drampa,,7,False,8
940,Dhelmise,,7,False,9
941,Jangmo-o,,7,False,2
942,Hakamo-o,,7,False,3
943,Kommo-o,,7,False,15
944,Tapu Koko,,7,False,18
945,Tapu Lele,,7,False,17
946,Tapu Bulu,,7,False,11
947,Tapu Fini,,7,False,18
948,Cosmog,,7,False,0
949,Cosmoem,,7,False,2
950,Solgaleo,,7,False,0
951,Lunala,,7,False,20
952,Nihilego,,7,False,13
953,Buzzwole,,7,False,16
954,Pheromosa,,7,False,20
955,Xurkitree,,7,False,9
956,Celesteela,,7,False,13
957,Kartana,,7,False,18
958,Guzzlord,,7,False,8
959,Necrozma,,7,False,14
960,Necrozma,Dusk-Mane,7,False,0
961,Necrozma,Dawn-Wings,7,False,0
962,Necrozma,Ultra,7,False,0
963,Magearna,,7,False,19
964,Marshadow,,7,False,17
965,Poipole,,7,False,3
966,Naganadel,,7,False,20
967,Stakataka,,7,False,11
968,Blacephalon,,7,False,16
969,Zeraora,,7,False,18
970,Meltan,,7,False,1
971,Melmetal,,7,False,18
972,Grookey,,8,False,2
973,Thwackey,,8,False,3
974,Rillaboom,,8,False,17
975,Scorbunny,,8,False,2
976,Raboot,,8,False,3
977,Cinderace,,8,False,18
978,Sobble,,8,False,2
979,Drizzile,,8,False,3
980,Inteleon,,8,False,11
981,Skwovet,,8,False,1
982,Greedent,,8,False,8
983,Rookidee,,8,False,2
984,Corvisquire,,8,False,4
985,Corviknight,,8,False,17
986,Blipbug,,8,False,2
987,Dottler,,8,False,3
988,Orbeetle,,8,False,9
989,Nickit,,8,False,1
990,Thievul,,8,False,7
991,Gossifleur,,8,False,2
992,Eldegoss,,8,False,9
993,Wooloo,,8,False,2
994,Dubwool,,8,False,9
995,Chewtle,,8,False,2
996,Drednaw,,8,False,7
997,Yamper,,8,False,2
998,Boltund,,8,False,6
999,Rolycoly,,8,False,2
1000,Carkol,,8,False,4
1001,Coalossal,,8,False,8
1002,Applin,,8,False,1
1003,Flapple,,8,False,8
1004,Appletun,,8,False,9
1005,Silicobra,,8,False,2
1006,Sandaconda,,8,False,10
1007,Cramorant,,8,False,8
1008,Arrokuda,,8,False,2
1009,Barraskewda,,8,False,15
1010,Toxel,,8,False,1
1011,Toxtricity,,8,False,9
1012,Toxtricity,Low-Key,8,False,0
1013,Sizzlipede,,8,False,2
1014,Centiskorch,,8,False,8
1015,Clobbopus,,8,False,2
1016,Grapploct,,8,False,0
1017,Sinistea,,8,False,0
1018,Polteageist,,8,False,12
1019,Hatenna,,8,False,2
1020,Hattrem,,8,False,4
1021,Hatterene,,8,False,17
1022,Impidimp,,8,False,3
1023,Morgrem,,8,False,5
1024,Grimmsnarl,,8,False,12
1025,Obstagoon,,8,False,10
1026,Perrserker,,8,False,9
1027,Cursola,,8,False,10
1028,Sirfetchd,,8,False,9
1029,Mr. Rime,,8,False,0
1030,Runerigus,,8,False,11
1031,Milcery,,8,False,1
1032,Alcremie,,8,False,8
1033,Falinks,,8,False,10
1034,Pincurchin,,8,False,8
1035,Snom,,8,False,1
1036,Frosmoth,,8,False,9
1037,Stonjourner,,8,False,8
1038,Eiscue,,8,False,8
1039,Eiscue,Noice,8,False,0
1040,Indeedee,,8,False,12
1041,Indeedee,F,8,False,12
1192,Indeedee,Both-Genders,8,False,0
1042,Morpeko,,8,False,8
1043,Morpeko,Hangry,8,False,0
1044,Cufant,,8,False,3
1045,Copperajah,,8,False,11
1046,Dracozolt,,8,False,14
1047,Arctozolt,,8,False,13
1048,Dracovish,,8,False,19
1049,Arctovish,,8,False,8
1050,Duraludon,,8,False,9
1051,Dreepy,,8,False,2
1052,Drakloak,,8,False,4
1053,Dragapult,,8,False,18
1054,Zacian,,8,False,19
1055,Zacian,Crowned,8,False,18
1056,Zamazenta,,8,False,0
1057,Zamazenta,Crowned,8,False,0
1058,Eternatus,,8,False,20
1059,Eternatus,Eternamax,8,False,0
1060,Kubfu,,8,False,2
1061,Urshifu,,8,False,20
1062,Urshifu,Rapid-Strike,8,False,17
1063,Zarude,,8,False,12
1064,Regieleki,,8,False,18
1065,Regidrago,,8,False,13
1066,Glastrier,,8,False,11
1067,Spectrier,,8,False,20
1068,Calyrex,,8,False,6
1069,Calyrex,Ice,8,False,0
1070,Calyrex,Shadow,8,False,0
1071,Wyrdeer,,8,False,8
1072,Kleavor,,8,False,14
1073,Ursaluna,,8,False,15
1216,Ursaluna,Bloodmoon,9,False,19
1074,Basculegion,,8,False,12
1075,Basculegion,F,8,False,11
1076,Sneasler,,8,False,19
1077,Overqwil,,8,False,9
1078,Enamorus,,8,False,16
1079,Enamorus,Therian,8,False,12
1080,Sprigatito,,9,False,3
1081,Floragato,,9,False,0
1082,Meowscarada,,9,False,18
1083,Fuecoco,,9,False,3
1084,Crocalor,,9,False,4
1085,Skeledirge,,9,False,16
1086,Quaxly,,9,False,3
1087,Quaxwell,,9,False,4
1088,Quaquaval,,9,False,14
1089,Lechonk,,9,False,1
1090,Oinkologne,,9,False,7
1091,Oinkologne,F,9,False,0
1191,Oinkologne,Both-Genders,9,False,0
1092,Tarountula,,9,False,1
1093,Spidops,,9,False,7
1094,Nymble,,9,False,1
1095,Lokix,,9,False,13
1096,Pawmi,,9,False,1
1097,Pawmo,,9,False,3
1098,Pawmot,,9,False,11
1099,Tandemaus,,9,False,2
1100,Maushold,,9,False,13
1101,Maushold,Four,9,False,0
1102,Fidough,,9,False,2
1103,Dachsbun,,9,False,8
1104,Smoliv,,9,False,2
1105,Dolliv,,9,False,4
1106,Arboliva,,9,False,8
1107,Squawkabilly,,9,False,8
1108,Squawkabilly,Blue,9,False,0
1109,Squawkabilly,Yellow,9,False,0
1110,Squawkabilly,White,9,False,0
1111,Nacli,,9,False,3
1112,Naclstack,,9,False,7
1113,Garganacl,,9,False,17
1114,Charcadet,,9,False,1
1115,Armarouge,,9,False,14
1116,Ceruledge,,9,False,15
1117,Tadbulb,,9,False,2
1118,Bellibolt,,9,False,9
1119,Wattrel,,9,False,2
1120,Kilowattrel,,9,False,8
1121,Maschiff,,9,False,2
1122,Mabosstiff,,9,False,0
1123,Shroodle,,9,False,2
1124,Grafaiai,,9,False,8
1125,Bramblin,,9,False,2
1126,Brambleghast,,9,False,8
1127,Toedscool,,9,False,3
1128,Toedscruel,,9,False,9
1129,Klawf,,9,False,8
1130,Capsakid,,9,False,2
1131,Scovillain,,9,False,5
1132,Rellor,,9,False,2
1133,Rabsca,,9,False,9
1134,Flittle,,9,False,3
1135,Espathra,,9,False,0
1136,Tinkatink,,9,False,3
1137,Tinkatuff,,9,False,5
1138,Tinkaton,,9,False,11
1139,Wiglett,,9,False,1
1140,Wugtrio,,9,False,5
1141,Bombirdier,,9,False,6
1142,Finizen,,9,False,2
1143,Palafin,,9,False,20
1144,Palafin,Hero,9,False,0
1145,Varoom,,9,False,2
1146,Revavroom,,9,False,7
1147,Cyclizar,,9,False,10
1148,Orthworm,,9,False,7
1149,Glimmet,,9,False,4
1150,Glimmora,,9,False,14
1151,Greavard,,9,False,3
1152,Houndstone,,9,False,9
1153,Flamigo,,9,False,10
1154,Cetoddle,,9,False,2
1155,Cetitan,,9,False,12
1156,Veluza,,9,False,8
1157,Dondozo,,9,False,15
1158,Tatsugiri,,9,False,10
1159,Annihilape,,9,False,19
1160,Clodsire,,9,False,15
1161,Farigiraf,,9,False,9
1162,Dudunsparce,,9,False,9
1163,Dudunsparce,Three-Segment,9,False,0
1164,Kingambit,,9,False,19
1165,Great Tusk,,9,False,19
1166,Scream Tail,,9,False,13
1167,Brute Bonnet,,9,False,11
1168,Flutter Mane,,9,False,20
1169,Slither Wing,,9,False,14
1170,Sandy Shocks,,9,False,15
1171,Iron Treads,,9,False,16
1172,Iron Bundle,,9,False,19
1173,Iron Hands,,9,False,14
1174,Iron Jugulis,,9,False,13
1175,Iron Moth,,9,False,17
1176,Iron Thorns,,9,False,12
1177,Frigibax,,9,False,2
1178,Arctibax,,9,False,3
1179,Baxcalibur,,9,False,17
1180,Gimmighoul,,9,False,3
1181,Gimmighoul,Roaming,9,False,2
1182,Gholdengo,,9,False,19
1183,Wo-Chien,,9,False,7
1184,Chien-Pao,,9,False,19
1185,Ting-Lu,,9,False,18
1186,Chi-Yu,,9,False,20
1187,Roaring Moon,,9,False,19
1188,Iron Valiant,,9,False,18
1189,Koraidon,,9,False,0
1190,Miraidon,,9,False,0
1194,Walking Wake,,9,False,16
1195,Iron Leaves,,9,False,11
1196,Dipplin,,9,False,6
1197,Poltchageist,,9,False,3
1198,Sinistcha,,9,False,3
1199,Okidogi,,9,False,13
1200,Munkidori,,9,False,10
1201,Fezandipiti,,9,False,14
1202,Ogerpon,,9,False,16
1203,Ogerpon,Cornerstone,9,False,17
1204,Ogerpon,Hearthflame,9,False,19
1205,Ogerpon,Wellspring,9,False,18
1206,Archaludon,,9,False,17
1207,Hydrapple,,9,False,16
1208,Gouging Fire,,9,False,19
1209,Raging Bolt,,9,False,17
1210,Iron Boulder,,9,False,15
1211,Iron Crown,,9,False,16
1212,Terapagos,,9,False,0
1213,Terapagos,Terastal,9,False,0
1214,Terapagos,Stellar,9,False,0
1215,Pecharunt,,9,False,18
