ID,Name,Variation,Generation,Draftable,Tier
1,Bulbasaur,,1,false ,0
2,Ivysaur,,1,false ,0
3,Venusaur,,1,false ,0
4,Venusaur,Mega,6,false ,0
5,Charmander,,1,false ,0
6,Charmeleon,,1,false ,0
7,Charizard,,1,false ,0
8,Charizard,Mega-X,6,false ,18
9,Charizard,Mega-Y,6,false ,18
10,Squirtle,,1,false ,0
11,Wartortle,,1,false ,0
12,Blastoise,,1,false ,0
13,Blastoise,Mega,6,false ,0
14,Caterpie,,1,false ,1
15,Metapod,,1,false ,1
16,Butterfree,,1,false ,0
17,Weedle,,1,false ,1
18,Kakuna,,1,false ,1
19,Beedrill,,1,false ,0
20,Beedrill,Mega,6,false ,0
21,Pidgey,,1,false ,0
22,Pidgeotto,,1,false ,0
23,Pidgeot,,1,false ,0
24,Pidgeot,Mega,6,false ,0
25,Rattata,,1,false ,1
26,Rattata,Alola,7,false ,1
27,Raticate,,1,false ,0
28,Raticate,Alola,7,false ,0
29,Spearow,,1,false ,0
30,Fearow,,1,false ,0
31,Ekans,,1,false ,0
32,Arbok,,1,false ,0
33,Pikachu,,1,false ,0
34,Pikachu,Partner,1,false ,0
35,Raichu,,1,false ,0
36,Raichu,Alola,7,false ,0
37,Sandshrew,,1,false ,0
38,Sandshrew,Alola,7,false ,0
39,Sandslash,,1,false ,0
40,Sandslash,Alola,7,false ,0
41,Nidoran,F,1,false ,0
42,Nidorina,,1,false ,0
43,Nidoqueen,,1,false ,0
44,Nidoran,M,1,false ,0
45,Nidorino,,1,false ,0
46,Nidoking,,1,false ,0
47,Clefairy,,1,false ,0
48,Clefable,,1,false ,0
49,Vulpix,,1,false ,0
50,Vulpix,Alola,7,false ,0
51,Ninetales,,1,false ,0
52,Ninetales,Alola,7,false ,0
53,Jigglypuff,,1,false ,0
54,Wigglytuff,,1,false ,0
55,Zubat,,1,false ,1
56,Golbat,,1,false ,0
57,Oddish,,1,false ,0
58,Gloom,,1,false ,0
59,Vileplume,,1,false ,0
60,Paras,,1,false ,1
61,Parasect,,1,false ,0
62,Venonat,,1,false ,0
63,Venomoth,,1,false ,0
64,Diglett,,1,false ,0
65,Diglett,Alola,7,false ,0
66,Dugtrio,,1,false ,0
67,Dugtrio,Alola,7,false ,0
68,Meowth,,1,false ,0
69,Meowth,Alola,7,false ,0
70,Meowth,Galar,8,false ,2
71,Persian,,1,false ,0
72,Persian,Alola,7,false ,0
73,Psyduck,,1,false ,0
74,Golduck,,1,false ,0
75,Mankey,,1,false ,0
76,Primeape,,1,false ,0
77,Growlithe,,1,false ,0
78,Growlithe,Hisui,1,false ,0
79,Arcanine,,1,false ,0
80,Arcanine,Hisui,1,false ,0
81,Poliwag,,1,false ,0
82,Poliwhirl,,1,false ,0
83,Poliwrath,,1,false ,0
84,Abra,,1,false ,1
85,Kadabra,,1,false ,0
86,Alakazam,,1,false ,0
87,Alakazam,Mega,6,false ,0
88,Machop,,1,false ,0
89,Machoke,,1,false ,0
90,Machamp,,1,false ,0
91,Bellsprout,,1,false ,0
92,Weepinbell,,1,false ,0
93,Victreebel,,1,false ,0
94,Tentacool,,1,false ,0
95,Tentacruel,,1,false ,0
96,Geodude,,1,false ,0
97,Geodude,Alola,7,false ,0
98,Graveler,,1,false ,0
99,Graveler,Alola,7,false ,0
100,Golem,,1,false ,0
101,Golem,Alola,7,false ,0
102,Ponyta,,1,false ,0
103,Ponyta,Galar,8,false ,0
104,Rapidash,,1,false ,0
105,Rapidash,Galar,8,false ,0
106,Slowpoke,,1,false ,0
107,Slowpoke,Galar,8,false ,0
108,Slowbro,,1,false ,0
109,Slowbro,Mega,6,false ,0
110,Slowbro,Galar,8,false ,0
111,Magnemite,,1,false ,0
112,Magneton,,1,false ,0
113,Farfetchd,,1,false ,0
114,Farfetchd,Galar,8,false ,2
115,Doduo,,1,false ,0
116,Dodrio,,1,false ,0
117,Seel,,1,false ,0
118,Dewgong,,1,false ,0
119,Grimer,,1,false ,0
120,Grimer,Alola,7,false ,0
121,Muk,,1,false ,0
122,Muk,Alola,7,false ,0
123,Shellder,,1,false ,0
124,Cloyster,,1,false ,0
125,Gastly,,1,false ,0
126,Haunter,,1,false ,0
127,Gengar,,1,false ,0
128,Gengar,Mega,6,false ,0
129,Onix,,1,false ,0
130,Drowzee,,1,false ,0
131,Hypno,,1,false ,0
132,Krabby,,1,false ,0
133,Kingler,,1,false ,0
134,Voltorb,,1,false ,0
135,Voltorb,Hisui,1,false ,0
136,Electrode,,1,false ,0
137,Electrode,Hisui,1,false ,0
138,Exeggcute,,1,false ,0
139,Exeggutor,,1,false ,0
140,Exeggutor,Alola,7,false ,0
141,Cubone,,1,false ,0
142,Marowak,,1,false ,0
143,Marowak,Alola,7,false ,0
144,Hitmonlee,,1,false ,0
145,Hitmonchan,,1,false ,0
146,Lickitung,,1,false ,0
147,Koffing,,1,false ,0
148,Weezing,,1,false ,0
149,Weezing,Galar,8,false ,0
150,Rhyhorn,,1,false ,0
151,Rhydon,,1,false ,0
152,Chansey,,1,false ,0
153,Tangela,,1,false ,0
154,Kangaskhan,,1,false ,0
155,Kangaskhan,Mega,6,false ,0
156,Horsea,,1,false ,0
157,Seadra,,1,false ,0
158,Goldeen,,1,false ,0
159,Seaking,,1,false ,0
160,Staryu,,1,false ,0
161,Starmie,,1,false ,0
162,Mr. Mime,,1,false ,0
163,Mr. Mime,Galar,8,false ,0
164,Scyther,,1,false ,0
165,Jynx,,1,false ,0
166,Electabuzz,,1,false ,0
167,Magmar,,1,false ,0
168,Pinsir,,1,false ,0
169,Pinsir,Mega,6,false ,0
170,Tauros,,1,false ,0
171,Tauros,Paldea-Combat,1,false ,0
172,Tauros,Paldea-Blaze,1,false ,0
173,Tauros,Paldea-Aqua,1,false ,0
174,Magikarp,,1,false ,1
175,Gyarados,,1,false ,0
176,Gyarados,Mega,6,false ,0
177,Lapras,,1,false ,0
178,Ditto,,1,false ,0
179,Eevee,,1,false ,0
180,Eevee,Starter,1,false ,0
181,Vaporeon,,1,false ,0
182,Jolteon,,1,false ,0
183,Flareon,,1,false ,0
184,Porygon,,1,false ,0
185,Omanyte,,1,false ,0
186,Omastar,,1,false ,0
187,Kabuto,,1,false ,0
188,Kabutops,,1,false ,0
189,Aerodactyl,,1,false ,0
190,Aerodactyl,Mega,6,false ,0
191,Snorlax,,1,false ,0
192,Articuno,,1,false ,0
193,Articuno,Galar,8,false ,0
194,Zapdos,,1,false ,0
195,Zapdos,Galar,8,false ,0
196,Moltres,,1,false ,0
197,Moltres,Galar,8,false ,0
198,Dratini,,1,false ,0
199,Dragonair,,1,false ,0
200,Dragonite,,1,false ,0
201,Mewtwo,,1,false ,20
202,Mewtwo,Mega-X,6,false ,21
203,Mewtwo,Mega-Y,6,false ,0
204,Mew,,1,false ,0
205,Chikorita,,2,false ,0
206,Bayleef,,2,false ,0
207,Meganium,,2,false ,0
208,Cyndaquil,,2,false ,0
209,Quilava,,2,false ,0
210,Typhlosion,,2,false ,0
211,Typhlosion,Hisui,2,false ,0
212,Totodile,,2,false ,0
213,Croconaw,,2,false ,0
214,Feraligatr,,2,false ,0
215,Sentret,,2,false ,0
216,Furret,,2,false ,0
217,Hoothoot,,2,false ,0
218,Noctowl,,2,false ,0
219,Ledyba,,2,false ,0
220,Ledian,,2,false ,0
221,Spinarak,,2,false ,0
222,Ariados,,2,false ,0
223,Crobat,,2,false ,0
224,Chinchou,,2,false ,0
225,Lanturn,,2,false ,0
226,Pichu,,2,false ,1
227,Cleffa,,2,false ,1
228,Igglybuff,,2,false ,1
229,Togepi,,2,false ,0
230,Togetic,,2,false ,0
231,Natu,,2,false ,0
232,Xatu,,2,false ,0
233,Mareep,,2,false ,0
234,Flaaffy,,2,false ,0
235,Ampharos,,2,false ,0
236,Ampharos,Mega,6,false ,0
237,Bellossom,,2,false ,0
238,Marill,,2,false ,0
239,Azumarill,,2,false ,0
240,Sudowoodo,,2,false ,0
241,Politoed,,2,false ,0
242,Hoppip,,2,false ,0
243,Skiploom,,2,false ,0
244,Jumpluff,,2,false ,0
245,Aipom,,2,false ,0
246,Sunkern,,2,false ,1
247,Sunflora,,2,false ,0
248,Yanma,,2,false ,0
249,Wooper,,2,false ,0
250,Wooper,Paldea,2,false ,0
251,Quagsire,,2,false ,0
252,Espeon,,2,false ,0
253,Umbreon,,2,false ,0
254,Murkrow,,2,false ,0
255,Slowking,,2,false ,0
256,Slowking,Galar,8,false ,0
257,Misdreavus,,2,false ,0
258,Unown,,2,false ,1
259,Wobbuffet,,2,false ,0
260,Girafarig,,2,false ,0
261,Pineco,,2,false ,0
262,Forretress,,2,false ,0
263,Dunsparce,,2,false ,0
264,Gligar,,2,false ,0
265,Steelix,,2,false ,0
266,Steelix,Mega,6,false ,0
267,Snubbull,,2,false ,0
268,Granbull,,2,false ,0
269,Qwilfish,,2,false ,0
270,Qwilfish,Hisui,2,false ,0
271,Scizor,,2,false ,0
272,Scizor,Mega,6,false ,18
273,Shuckle,,2,false ,0
274,Heracross,,2,false ,0
275,Heracross,Mega,6,false ,0
276,Sneasel,,2,false ,0
277,Sneasel,Hisui,2,false ,0
278,Teddiursa,,2,false ,0
279,Ursaring,,2,false ,0
280,Slugma,,2,false ,0
281,Magcargo,,2,false ,0
282,Swinub,,2,false ,0
283,Piloswine,,2,false ,0
284,Corsola,,2,false ,0
285,Corsola,Galar,8,false ,0
286,Remoraid,,2,false ,0
287,Octillery,,2,false ,0
288,Delibird,,2,false ,0
289,Mantine,,2,false ,0
290,Skarmory,,2,false ,0
291,Houndour,,2,false ,0
292,Houndoom,,2,false ,0
293,Houndoom,Mega,6,false ,0
294,Kingdra,,2,false ,0
295,Phanpy,,2,false ,0
296,Donphan,,2,false ,0
297,Porygon2,,2,false ,0
298,Stantler,,2,false ,0
299,Smeargle,,2,false ,0
300,Tyrogue,,2,false ,0
301,Hitmontop,,2,false ,0
302,Smoochum,,2,false ,0
303,Elekid,,2,false ,0
304,Magby,,2,false ,0
305,Miltank,,2,false ,0
306,Blissey,,2,false ,0
307,Raikou,,2,false ,0
308,Entei,,2,false ,0
309,Suicune,,2,false ,0
310,Larvitar,,2,false ,0
311,Pupitar,,2,false ,0
312,Tyranitar,,2,false ,0
313,Tyranitar,Mega,6,false ,0
314,Lugia,,2,false ,20
315,Ho-oh,,2,false ,20
316,Celebi,,2,false ,0
317,Treecko,,3,false ,0
318,Grovyle,,3,false ,0
319,Sceptile,,3,false ,0
320,Sceptile,Mega,6,false ,0
321,Torchic,,3,false ,0
322,Combusken,,3,false ,0
323,Blaziken,,3,false ,18
324,Blaziken,Mega,6,false ,0
325,Mudkip,,3,false ,0
326,Marshtomp,,3,false ,0
327,Swampert,,3,false ,0
328,Swampert,Mega,6,false ,0
329,Poochyena,,3,false ,1
330,Mightyena,,3,false ,0
331,Zigzagoon,,3,false ,1
332,Zigzagoon,Galar,8,false ,1
333,Linoone,,3,false ,0
334,Linoone,Galar,8,false ,0
335,Wurmple,,3,false ,1
336,Silcoon,,3,false ,1
337,Beautifly,,3,false ,0
338,Cascoon,,3,false ,0
339,Dustox,,3,false ,0
340,Lotad,,3,false ,1
341,Lombre,,3,false ,0
342,Ludicolo,,3,false ,0
343,Seedot,,3,false ,1
344,Nuzleaf,,3,false ,0
345,Shiftry,,3,false ,0
346,Taillow,,3,false ,0
347,Swellow,,3,false ,0
348,Wingull,,3,false ,0
349,Pelipper,,3,false ,0
350,Ralts,,3,false ,0
351,Kirlia,,3,false ,0
352,Gardevoir,,3,false ,0
353,Gardevoir,Mega,6,false ,0
354,Surskit,,3,false ,0
355,Masquerain,,3,false ,0
356,Shroomish,,3,false ,0
357,Breloom,,3,false ,0
358,Slakoth,,3,false ,1
359,Vigoroth,,3,false ,0
360,Slaking,,3,false ,0
361,Nincada,,3,false ,1
362,Ninjask,,3,false ,0
363,Shedinja,,3,false ,0
364,Whismur,,3,false ,1
365,Loudred,,3,false ,0
366,Exploud,,3,false ,0
367,Makuhita,,3,false ,0
368,Hariyama,,3,false ,0
369,Azurill,,3,false ,1
370,Nosepass,,3,false ,0
371,Skitty,,3,false ,0
372,Delcatty,,3,false ,0
373,Sableye,,3,false ,0
374,Sableye,Mega,6,false ,0
375,Mawile,,3,false ,0
376,Mawile,Mega,6,false ,18
377,Aron,,3,false ,0
378,Lairon,,3,false ,0
379,Aggron,,3,false ,0
380,Aggron,Mega,6,false ,0
381,Meditite,,3,false ,0
382,Medicham,,3,false ,0
383,Medicham,Mega,6,false ,0
384,Electrike,,3,false ,0
385,Manectric,,3,false ,0
386,Manectric,Mega,6,false ,0
387,Plusle,,3,false ,0
388,Minun,,3,false ,0
389,Volbeat,,3,false ,0
390,Illumise,,3,false ,0
391,Roselia,,3,false ,0
392,Gulpin,,3,false ,0
393,Swalot,,3,false ,0
394,Carvanha,,3,false ,0
395,Sharpedo,,3,false ,0
396,Sharpedo,Mega,6,false ,0
397,Wailmer,,3,false ,0
398,Wailord,,3,false ,0
399,Numel,,3,false ,0
400,Camerupt,,3,false ,0
401,Camerupt,Mega,6,false ,0
402,Torkoal,,3,false ,0
403,Spoink,,3,false ,0
404,Grumpig,,3,false ,0
405,Spinda,,3,false ,0
406,Trapinch,,3,false ,0
407,Vibrava,,3,false ,0
408,Flygon,,3,false ,0
409,Cacnea,,3,false ,0
410,Cacturne,,3,false ,0
411,Swablu,,3,false ,0
412,Altaria,,3,false ,0
413,Altaria,Mega,6,false ,0
414,Zangoose,,3,false ,0
415,Seviper,,3,false ,0
416,Lunatone,,3,false ,0
417,Solrock,,3,false ,0
418,Barboach,,3,false ,0
419,Whiscash,,3,false ,0
420,Corphish,,3,false ,0
421,Crawdaunt,,3,false ,0
422,Baltoy,,3,false ,0
423,Claydol,,3,false ,0
424,Lileep,,3,false ,0
425,Cradily,,3,false ,0
426,Anorith,,3,false ,0
427,Armaldo,,3,false ,0
428,Feebas,,3,false ,1
429,Milotic,,3,false ,0
430,Castform,,3,false ,0
431,Castform,Sunny,3,false ,0
432,Castform,Rainy,3,false ,0
433,Castform,Snowy,3,false ,0
434,Kecleon,,3,false ,0
435,Shuppet,,3,false ,0
436,Banette,,3,false ,0
437,Banette,Mega,6,false ,0
438,Duskull,,3,false ,0
439,Dusclops,,3,false ,0
440,Tropius,,3,false ,0
441,Chimecho,,3,false ,0
442,Absol,,3,false ,0
443,Absol,Mega,6,false ,0
444,Wynaut,,3,false ,1
445,Snorunt,,3,false ,0
446,Glalie,,3,false ,0
447,Glalie,Mega,6,false ,0
448,Spheal,,3,false ,0
449,Sealeo,,3,false ,0
450,Walrein,,3,false ,0
451,Clamperl,,3,false ,0
452,Huntail,,3,false ,0
453,Gorebyss,,3,false ,0
454,Relicanth,,3,false ,0
455,Luvdisc,,3,false ,0
456,Bagon,,3,false ,0
457,Shelgon,,3,false ,0
458,Salamence,,3,false ,0
459,Salamence,Mega,6,false ,20
460,Beldum,,3,false ,0
461,Metang,,3,false ,0
462,Metagross,,3,false ,0
463,Metagross,Mega,6,false ,20
464,Regirock,,3,false ,0
465,Regice,,3,false ,0
466,Registeel,,3,false ,0
467,Latias,,3,false ,0
468,Latias,Mega,6,false ,0
469,Latios,,3,false ,0
470,Latios,Mega,6,false ,0
471,Kyogre,,3,false ,0
472,Kyogre,Primal,3,false ,0
473,Groudon,,3,false ,0
474,Groudon,Primal,3,false ,0
475,Rayquaza,,3,false ,19
476,Rayquaza,Mega,6,false ,0
477,Jirachi,,3,false ,0
478,Deoxys,,3,false ,20
479,Deoxys,Attack,3,false ,
480,Deoxys,Defense,3,false ,
481,Deoxys,Speed,3,false ,
482,Turtwig,,4,false ,0
483,Grotle,,4,false ,0
484,Torterra,,4,false ,0
485,Chimchar,,4,false ,0
486,Monferno,,4,false ,0
487,Infernape,,4,false ,0
488,Piplup,,4,false ,0
489,Prinplup,,4,false ,0
490,Empoleon,,4,false ,0
491,Starly,,4,false ,0
492,Staravia,,4,false ,0
493,Staraptor,,4,false ,0
494,Bidoof,,4,false ,0
495,Bibarel,,4,false ,0
496,Kricketot,,4,false ,1
497,Kricketune,,4,false ,0
498,Shinx,,4,false ,0
499,Luxio,,4,false ,0
500,Luxray,,4,false ,0
501,Budew,,4,false ,0
502,Roserade,,4,false ,0
503,Cranidos,,4,false ,0
504,Rampardos,,4,false ,0
505,Shieldon,,4,false ,0
506,Bastiodon,,4,false ,0
507,Burmy,,4,false ,1
508,Burmy,Sandy,4,false ,1
509,Burmy,Trash,4,false ,1
510,Wormadam,,4,false ,0
511,Wormadam,Sandy,4,false ,0
512,Wormadam,Trash,4,false ,0
513,Mothim,,4,false ,0
514,Combee,,4,false ,1
515,Vespiquen,,4,false ,0
516,Pachirisu,,4,false ,0
517,Buizel,,4,false ,0
518,Floatzel,,4,false ,0
519,Cherubi,,4,false ,0
520,Cherrim,,4,false ,0
521,Shellos,,4,false ,0
522,Gastrodon,,4,false ,0
523,Ambipom,,4,false ,0
524,Drifloon,,4,false ,0
525,Drifblim,,4,false ,0
526,Buneary,,4,false ,0
527,Lopunny,,4,false ,0
528,Lopunny,Mega,6,false ,0
529,Mismagius,,4,false ,0
530,Honchkrow,,4,false ,0
531,Glameow,,4,false ,0
532,Purugly,,4,false ,0
533,Chingling,,4,false ,0
534,Stunky,,4,false ,0
535,Skuntank,,4,false ,0
536,Bronzor,,4,false ,0
537,Bronzong,,4,false ,0
538,Bonsly,,4,false ,0
539,Mime Jr.,,4,false ,0
540,Happiny,,4,false ,1
541,Chatot,,4,false ,0
542,Spiritomb,,4,false ,0
543,Gible,,4,false ,0
544,Gabite,,4,false ,0
545,Garchomp,,4,false ,0
546,Garchomp,Mega,6,false ,18
547,Munchlax,,4,false ,0
548,Riolu,,4,false ,0
549,Lucario,,4,false ,0
550,Lucario,Mega,6,false ,0
551,Hippopotas,,4,false ,0
552,Hippowdon,,4,false ,0
553,Skorupi,,4,false ,0
554,Drapion,,4,false ,0
555,Croagunk,,4,false ,0
556,Toxicroak,,4,false ,0
557,Carnivine,,4,false ,0
558,Finneon,,4,false ,0
559,Lumineon,,4,false ,0
560,Mantyke,,4,false ,0
561,Snover,,4,false ,0
562,Abomasnow,,4,false ,0
563,Abomasnow,Mega,6,false ,0
564,Weavile,,4,false ,0
565,Magnezone,,4,false ,0
566,Lickilicky,,4,false ,0
567,Rhyperior,,4,false ,0
568,Tangrowth,,4,false ,0
569,Electivire,,4,false ,0
570,Magmortar,,4,false ,0
571,Togekiss,,4,false ,0
572,Yanmega,,4,false ,0
573,Leafeon,,4,false ,0
574,Glaceon,,4,false ,0
575,Gliscor,,4,false ,0
576,Mamoswine,,4,false ,0
577,Porygon-Z,,4,false ,0
578,Gallade,,4,false ,0
579,Gallade,Mega,6,false ,0
580,Probopass,,4,false ,0
581,Dusknoir,,4,false ,0
582,Froslass,,4,false ,0
583,Rotom,,4,false ,0
584,Rotom,Heat,4,false ,0
585,Rotom,Wash,4,false ,0
586,Rotom,Frost,4,false ,0
587,Rotom,Fan,4,false ,0
588,Rotom,Mow,4,false ,0
589,Uxie,,4,false ,0
590,Mesprit,,4,false ,0
591,Azelf,,4,false ,0
592,Dialga,,4,false ,20
593,Dialga,Origin,4,false ,20
594,Palkia,,4,false ,20
595,Palkia,Origin,4,false ,20
596,Heatran,,4,false ,0
597,Regigigas,,4,false ,0
598,Giratina,,4,false ,20
599,Giratina,Origin,4,false ,20
600,Cresselia,,4,false ,0
601,Phione,,4,false ,0
602,Manaphy,,4,false ,0
603,Darkrai,,4,false ,18
604,Shaymin,,4,false ,0
605,Shaymin,Sky,4,false ,19
606,Arceus,,4,false ,0
607,Victini,,5,false ,0
608,Snivy,,5,false ,0
609,Servine,,5,false ,0
610,Serperior,,5,false ,0
611,Tepig,,5,false ,0
612,Pignite,,5,false ,0
613,Emboar,,5,false ,0
614,Oshawott,,5,false ,0
615,Dewott,,5,false ,0
616,Samurott,,5,false ,0
617,Samurott,Hisui,5,false ,0
618,Patrat,,5,false ,1
619,Watchog,,5,false ,0
620,Lillipup,,5,false ,1
621,Herdier,,5,false ,0
622,Stoutland,,5,false ,0
623,Purrloin,,5,false ,1
624,Liepard,,5,false ,0
625,Pansage,,5,false ,0
626,Simisage,,5,false ,0
627,Pansear,,5,false ,0
628,Simisear,,5,false ,0
629,Panpour,,5,false ,0
630,Simipour,,5,false ,0
631,Munna,,5,false ,0
632,Musharna,,5,false ,0
633,Pidove,,5,false ,1
634,Tranquill,,5,false ,0
635,Unfezant,,5,false ,0
636,Blitzle,,5,false ,1
637,Zebstrika,,5,false ,0
638,Roggenrola,,5,false ,0
639,Boldore,,5,false ,0
640,Gigalith,,5,false ,0
641,Woobat,,5,false ,0
642,Swoobat,,5,false ,0
643,Drilbur,,5,false ,0
644,Excadrill,,5,false ,0
645,Audino,,5,false ,0
646,Audino,Mega,6,false ,0
647,Timburr,,5,false ,0
648,Gurdurr,,5,false ,0
649,Conkeldurr,,5,false ,0
650,Tympole,,5,false ,1
651,Palpitoad,,5,false ,0
652,Seismitoad,,5,false ,0
653,Throh,,5,false ,0
654,Sawk,,5,false ,0
655,Sewaddle,,5,false ,0
656,Swadloon,,5,false ,0
657,Leavanny,,5,false ,0
658,Venipede,,5,false ,1
659,Whirlipede,,5,false ,0
660,Scolipede,,5,false ,0
661,Cottonee,,5,false ,0
662,Whimsicott,,5,false ,0
663,Petilil,,5,false ,1
664,Lilligant,,5,false ,0
665,Lilligant,Hisui,5,false ,0
666,Basculin,,5,false ,0
667,Basculin,Blue-Striped,5,false ,0
668,Basculin,White-Striped,5,false ,0
669,Sandile,,5,false ,0
670,Krokorok,,5,false ,0
671,Krookodile,,5,false ,0
672,Darumaka,,5,false ,0
673,Darumaka,Galar,8,false ,2
674,Darmanitan,,5,false ,0
675,Darmanitan,Zen,5,false ,0
676,Darmanitan,Galar,8,false ,0
677,Darmanitan,Galar-Zen,8,false ,0
678,Maractus,,5,false ,0
679,Dwebble,,5,false ,0
680,Crustle,,5,false ,0
681,Scraggy,,5,false ,0
682,Scrafty,,5,false ,0
683,Sigilyph,,5,false ,0
684,Yamask,,5,false ,0
685,Yamask,Galar,8,false ,0
686,Cofagrigus,,5,false ,0
687,Tirtouga,,5,false ,0
688,Carracosta,,5,false ,0
689,Archen,,5,false ,0
690,Archeops,,5,false ,0
691,Trubbish,,5,false ,0
692,Garbodor,,5,false ,0
693,Zorua,,5,false ,0
694,Zorua,Hisui,5,false ,0
695,Zoroark,,5,false ,0
696,Zoroark,Hisui,5,false ,0
697,Minccino,,5,false ,0
698,Cinccino,,5,false ,0
699,Gothita,,5,false ,0
700,Gothorita,,5,false ,0
701,Gothitelle,,5,false ,0
702,Solosis,,5,false ,19
703,Duosion,,5,false ,0
704,Reuniclus,,5,false ,0
705,Ducklett,,5,false ,0
706,Swanna,,5,false ,0
707,Vanillite,,5,false ,0
708,Vanillish,,5,false ,0
709,Vanilluxe,,5,false ,0
710,Deerling,,5,false ,0
711,Sawsbuck,,5,false ,0
712,Emolga,,5,false ,0
713,Karrablast,,5,false ,1
714,Escavalier,,5,false ,0
715,Foongus,,5,false ,0
716,Amoonguss,,5,false ,0
717,Frillish,,5,false ,0
718,Jellicent,,5,false ,0
719,Alomomola,,5,false ,0
720,Joltik,,5,false ,1
721,Galvantula,,5,false ,0
722,Ferroseed,,5,false ,0
723,Ferrothorn,,5,false ,0
724,Klink,,5,false ,0
725,Klang,,5,false ,0
726,Klinklang,,5,false ,0
727,Tynamo,,5,false ,1
728,Eelektrik,,5,false ,0
729,Eelektross,,5,false ,0
730,Elgyem,,5,false ,0
731,Beheeyem,,5,false ,0
732,Litwick,,5,false ,0
733,Lampent,,5,false ,0
734,Chandelure,,5,false ,0
735,Axew,,5,false ,0
736,Fraxure,,5,false ,0
737,Haxorus,,5,false ,0
738,Cubchoo,,5,false ,0
739,Beartic,,5,false ,0
740,Cryogonal,,5,false ,0
741,Shelmet,,5,false ,0
742,Accelgor,,5,false ,0
743,Stunfisk,,5,false ,0
744,Stunfisk,Galar,8,false ,0
745,Mienfoo,,5,false ,0
746,Mienshao,,5,false ,0
747,Druddigon,,5,false ,0
748,Golett,,5,false ,0
749,Golurk,,5,false ,0
750,Pawniard,,5,false ,0
751,Bisharp,,5,false ,0
752,Bouffalant,,5,false ,0
753,Rufflet,,5,false ,0
754,Braviary,,5,false ,0
755,Braviary,Hisui,5,false ,0
756,Vullaby,,5,false ,0
757,Mandibuzz,,5,false ,0
758,Heatmor,,5,false ,0
759,Durant,,5,false ,0
760,Deino,,5,false ,0
761,Zweilous,,5,false ,0
762,Hydreigon,,5,false ,0
763,Larvesta,,5,false ,0
764,Volcarona,,5,false ,18
765,Cobalion,,5,false ,0
766,Terrakion,,5,false ,0
767,Virizion,,5,false ,0
768,Tornadus,,5,false ,0
769,Tornadus,Therian,5,false ,18
770,Thundurus,,5,false ,0
771,Thundurus,Therian,5,false ,0
772,Reshiram,,5,false ,19
773,Zekrom,,5,false ,20
774,Landorus,,5,false ,0
775,Landorus,Therian,5,false ,0
776,Kyurem,,5,false ,18
777,Kyurem,White,5,false ,20
778,Kyurem,Black,5,false ,20
779,Keldeo,,5,false ,0
780,Keldeo,Resolute,5,false ,0
781,Meloetta,,5,false ,0
782,Meloetta,Pirouette,5,false ,0
783,Genesect,,5,false ,20
784,Chespin,,6,false ,0
785,Quilladin,,6,false ,0
786,Chesnaught,,6,false ,0
787,Fennekin,,6,false ,0
788,Braixen,,6,false ,0
789,Delphox,,6,false ,0
790,Froakie,,6,false ,0
791,Frogadier,,6,false ,0
792,Greninja,,6,false ,0
793,Greninja,Ash,6,false ,0
794,Bunnelby,,6,false ,1
795,Diggersby,,6,false ,0
796,Fletchling,,6,false ,0
797,Fletchinder,,6,false ,0
798,Talonflame,,6,false ,0
799,Scatterbug,,6,false ,1
800,Spewpa,,6,false ,0
801,Vivillon,,6,false ,0
802,Litleo,,6,false ,0
803,Pyroar,,6,false ,0
804,Flabebe,,6,false ,0
805,Floette,,6,false ,0
806,Florges,,6,false ,0
807,Skiddo,,6,false ,0
808,Gogoat,,6,false ,0
809,Pancham,,6,false ,0
810,Pangoro,,6,false ,0
811,Furfrou,,6,false ,0
812,Espurr,,6,false ,0
813,Meowstic,,6,false ,0
814,Meowstic,F,6,false ,0
815,Honedge,,6,false ,0
816,Doublade,,6,false ,0
817,Aegislash,,6,false ,0
818,Aegislash,Blade,6,false ,0
819,Spritzee,,6,false ,0
820,Aromatisse,,6,false ,0
821,Swirlix,,6,false ,0
822,Slurpuff,,6,false ,0
823,Inkay,,6,false ,0
824,Malamar,,6,false ,0
825,Binacle,,6,false ,0
826,Barbaracle,,6,false ,0
827,Skrelp,,6,false ,0
828,Dragalge,,6,false ,0
829,Clauncher,,6,false ,0
830,Clawitzer,,6,false ,0
831,Helioptile,,6,false ,0
832,Heliolisk,,6,false ,0
833,Tyrunt,,6,false ,0
834,Tyrantrum,,6,false ,0
835,Amaura,,6,false ,0
836,Aurorus,,6,false ,0
837,Sylveon,,6,false ,0
838,Hawlucha,,6,false ,0
839,Dedenne,,6,false ,0
840,Carbink,,6,false ,0
841,Goomy,,6,false ,0
842,Sliggoo,,6,false ,0
843,Sliggoo,Hisui,6,false ,0
844,Goodra,,6,false ,0
845,Goodra,Hisui,6,false ,0
846,Klefki,,6,false ,0
847,Phantump,,6,false ,0
848,Trevenant,,6,false ,0
849,Pumpkaboo,,6,false ,0
850,Pumpkaboo,Small,6,false ,0
851,Pumpkaboo,Large,6,false ,0
852,Pumpkaboo,Super,6,false ,0
853,Gourgeist,,6,false ,0
854,Gourgeist,Small,6,false ,0
855,Gourgeist,Large,6,false ,0
856,Gourgeist,Super,6,false ,0
857,Bergmite,,6,false ,0
858,Avalugg,,6,false ,0
859,Avalugg,Hisui,6,false ,0
860,Noibat,,6,false ,1
861,Noivern,,6,false ,0
862,Xerneas,,6,false ,20
863,Yveltal,,6,false ,20
864,Zygarde,,6,false ,0
865,Zygarde,10%,6,false ,0
866,Zygarde,Complete,6,false ,0
867,Diancie,,6,false ,0
868,Diancie,Mega,6,false ,20
869,Hoopa,,6,false ,0
870,Hoopa,Unbound,6,false ,0
871,Volcanion,,6,false ,0
872,Rowlet,,7,false ,0
873,Dartrix,,7,false ,0
874,Decidueye,,7,false ,0
875,Decidueye,Hisui,7,false ,0
876,Litten,,7,false ,0
877,Torracat,,7,false ,0
878,Incineroar,,7,false ,0
879,Popplio,,7,false ,0
880,Brionne,,7,false ,0
881,Primarina,,7,false ,0
882,Pikipek,,7,false ,1
883,Trumbeak,,7,false ,0
884,Toucannon,,7,false ,0
885,Yungoos,,7,false ,1
886,Gumshoos,,7,false ,0
887,Grubbin,,7,false ,0
888,Charjabug,,7,false ,0
889,Vikavolt,,7,false ,0
890,Crabrawler,,7,false ,0
891,Crabominable,,7,false ,0
892,Oricorio,,7,false ,0
893,Oricorio,Pom-Pom,7,false ,0
894,Oricorio,Pa'u,7,false ,0
895,Oricorio,Sensu,7,false ,0
1193,Oricorio,All-Variations,7,false ,0
896,Cutiefly,,7,false ,0
897,Ribombee,,7,false ,0
898,Rockruff,,7,false ,0
899,Rockruff,Own-Tempo,7,false ,0
900,Lycanroc,,7,false ,0
901,Lycanroc,Midnight,7,false ,0
902,Lycanroc,Dusk,7,false ,0
903,Wishiwashi,,7,false ,0
904,Wishiwashi,School,7,false ,0
905,Mareanie,,7,false ,0
906,Toxapex,,7,false ,0
907,Mudbray,,7,false ,0
908,Mudsdale,,7,false ,0
909,Dewpider,,7,false ,0
910,Araquanid,,7,false ,0
911,Fomantis,,7,false ,0
912,Lurantis,,7,false ,0
913,Morelull,,7,false ,0
914,Shiinotic,,7,false ,0
915,Salandit,,7,false ,0
916,Salazzle,,7,false ,0
917,Stufful,,7,false ,0
918,Bewear,,7,false ,0
919,Bounsweet,,7,false ,1
920,Steenee,,7,false ,0
921,Tsareena,,7,false ,0
922,Comfey,,7,false ,0
923,Oranguru,,7,false ,0
924,Passimian,,7,false ,0
925,Wimpod,,7,false ,1
926,Golisopod,,7,false ,0
927,Sandygast,,7,false ,0
928,Palossand,,7,false ,0
929,Pyukumuku,,7,false ,0
930,Type: Null,,7,false ,0
931,Silvally,,7,false ,0
932,Minior,Meteor,7,false ,0
933,Minior,,7,false ,0
934,Komala,,7,false ,0
935,Turtonator,,7,false ,0
936,Togedemaru,,7,false ,0
937,Mimikyu,,7,false ,0
938,Bruxish,,7,false ,0
939,Drampa,,7,false ,0
940,Dhelmise,,7,false ,0
941,Jangmo-o,,7,false ,0
942,Hakamo-o,,7,false ,0
943,Kommo-o,,7,false ,0
944,Tapu Koko,,7,false ,18
945,Tapu Lele,,7,false ,0
946,Tapu Bulu,,7,false ,0
947,Tapu Fini,,7,false ,18
948,Cosmog,,7,false ,0
949,Cosmoem,,7,false ,0
950,Solgaleo,,7,false ,0
951,Lunala,,7,false ,20
952,Nihilego,,7,false ,0
953,Buzzwole,,7,false ,0
954,Pheromosa,,7,false ,20
955,Xurkitree,,7,false ,0
956,Celesteela,,7,false ,0
957,Kartana,,7,false ,18
958,Guzzlord,,7,false ,0
959,Necrozma,,7,false ,0
960,Necrozma,Dusk-Mane,7,false ,0
961,Necrozma,Dawn-Wings,7,false ,0
962,Necrozma,Ultra,7,false ,0
963,Magearna,,7,false ,19
964,Marshadow,,7,false ,0
965,Poipole,,7,false ,0
966,Naganadel,,7,false ,20
967,Stakataka,,7,false ,0
968,Blacephalon,,7,false ,0
969,Zeraora,,7,false ,18
970,Meltan,,7,false ,1
971,Melmetal,,7,false ,18
972,Grookey,,8,false ,0
973,Thwackey,,8,false ,0
974,Rillaboom,,8,false ,0
975,Scorbunny,,8,false ,0
976,Raboot,,8,false ,0
977,Cinderace,,8,false ,18
978,Sobble,,8,false ,0
979,Drizzile,,8,false ,0
980,Inteleon,,8,false ,0
981,Skwovet,,8,false ,1
982,Greedent,,8,false ,0
983,Rookidee,,8,false ,0
984,Corvisquire,,8,false ,0
985,Corviknight,,8,false ,0
986,Blipbug,,8,false ,0
987,Dottler,,8,false ,0
988,Orbeetle,,8,false ,0
989,Nickit,,8,false ,1
990,Thievul,,8,false ,0
991,Gossifleur,,8,false ,0
992,Eldegoss,,8,false ,0
993,Wooloo,,8,false ,0
994,Dubwool,,8,false ,0
995,Chewtle,,8,false ,0
996,Drednaw,,8,false ,0
997,Yamper,,8,false ,0
998,Boltund,,8,false ,0
999,Rolycoly,,8,false ,0
1000,Carkol,,8,false ,0
1001,Coalossal,,8,false ,0
1002,Applin,,8,false ,1
1003,Flapple,,8,false ,0
1004,Appletun,,8,false ,0
1005,Silicobra,,8,false ,0
1006,Sandaconda,,8,false ,0
1007,Cramorant,,8,false ,0
1008,Arrokuda,,8,false ,0
1009,Barraskewda,,8,false ,0
1010,Toxel,,8,false ,1
1011,Toxtricity,,8,false ,0
1012,Toxtricity,Low-Key,8,false ,0
1013,Sizzlipede,,8,false ,0
1014,Centiskorch,,8,false ,0
1015,Clobbopus,,8,false ,0
1016,Grapploct,,8,false ,0
1017,Sinistea,,8,false ,0
1018,Polteageist,,8,false ,0
1019,Hatenna,,8,false ,0
1020,Hattrem,,8,false ,0
1021,Hatterene,,8,false ,0
1022,Impidimp,,8,false ,0
1023,Morgrem,,8,false ,0
1024,Grimmsnarl,,8,false ,0
1025,Obstagoon,,8,false ,0
1026,Perrserker,,8,false ,0
1027,Cursola,,8,false ,0
1028,Sirfetchd,,8,false ,0
1029,Mr. Rime,,8,false ,0
1030,Runerigus,,8,false ,0
1031,Milcery,,8,false ,1
1032,Alcremie,,8,false ,0
1033,Falinks,,8,false ,0
1034,Pincurchin,,8,false ,0
1035,Snom,,8,false ,1
1036,Frosmoth,,8,false ,0
1037,Stonjourner,,8,false ,0
1038,Eiscue,,8,false ,0
1039,Eiscue,Noice,8,false ,0
1040,Indeedee,,8,false ,0
1041,Indeedee,F,8,false ,0
1192,Indeedee,Both-Genders,8,false ,0
1042,Morpeko,,8,false ,0
1043,Morpeko,Hangry,8,false ,0
1044,Cufant,,8,false ,0
1045,Copperajah,,8,false ,0
1046,Dracozolt,,8,false ,0
1047,Arctozolt,,8,false ,0
1048,Dracovish,,8,false ,19
1049,Arctovish,,8,false ,0
1050,Duraludon,,8,false ,0
1051,Dreepy,,8,false ,0
1052,Drakloak,,8,false ,0
1053,Dragapult,,8,false ,18
1054,Zacian,,8,false ,19
1055,Zacian,Crowned,8,false ,18
1056,Zamazenta,,8,false ,0
1057,Zamazenta,Crowned,8,false ,0
1058,Eternatus,,8,false ,20
1059,Eternatus,Eternamax,8,false ,0
1060,Kubfu,,8,false ,0
1061,Urshifu,,8,false ,20
1062,Urshifu,Rapid-Strike,8,false ,0
1063,Zarude,,8,false ,0
1064,Regieleki,,8,false ,18
1065,Regidrago,,8,false ,0
1066,Glastrier,,8,false ,0
1067,Spectrier,,8,false ,20
1068,Calyrex,,8,false ,0
1069,Calyrex,Ice,8,false ,0
1070,Calyrex,Shadow,8,false ,0
1071,Wyrdeer,,8,false ,0
1072,Kleavor,,8,false ,0
1073,Ursaluna,,8,false ,0
1216,Ursaluna,Bloodmoon,9,false ,19
1074,Basculegion,,8,false ,0
1075,Basculegion,F,8,false ,0
1076,Sneasler,,8,false ,19
1077,Overqwil,,8,false ,0
1078,Enamorus,,8,false ,0
1079,Enamorus,Therian,8,false ,0
1080,Sprigatito,,9,false ,0
1081,Floragato,,9,false ,0
1082,Meowscarada,,9,false ,18
1083,Fuecoco,,9,false ,0
1084,Crocalor,,9,false ,0
1085,Skeledirge,,9,false ,0
1086,Quaxly,,9,false ,0
1087,Quaxwell,,9,false ,0
1088,Quaquaval,,9,false ,0
1089,Lechonk,,9,false ,1
1090,Oinkologne,,9,false ,0
1091,Oinkologne,F,9,false ,0
1191,Oinkologne,Both-Genders,9,false ,0
1092,Tarountula,,9,false ,1
1093,Spidops,,9,false ,0
1094,Nymble,,9,false ,1
1095,Lokix,,9,false ,0
1096,Pawmi,,9,false ,1
1097,Pawmo,,9,false ,0
1098,Pawmot,,9,false ,0
1099,Tandemaus,,9,false ,0
1100,Maushold,,9,false ,0
1101,Maushold,Four,9,false ,0
1102,Fidough,,9,false ,0
1103,Dachsbun,,9,false ,0
1104,Smoliv,,9,false ,0
1105,Dolliv,,9,false ,0
1106,Arboliva,,9,false ,0
1107,Squawkabilly,,9,false ,0
1108,Squawkabilly,Blue,9,false ,0
1109,Squawkabilly,Yellow,9,false ,0
1110,Squawkabilly,White,9,false ,0
1111,Nacli,,9,false ,0
1112,Naclstack,,9,false ,0
1113,Garganacl,,9,false ,0
1114,Charcadet,,9,false ,1
1115,Armarouge,,9,false ,0
1116,Ceruledge,,9,false ,0
1117,Tadbulb,,9,false ,0
1118,Bellibolt,,9,false ,0
1119,Wattrel,,9,false ,0
1120,Kilowattrel,,9,false ,0
1121,Maschiff,,9,false ,0
1122,Mabosstiff,,9,false ,0
1123,Shroodle,,9,false ,0
1124,Grafaiai,,9,false ,0
1125,Bramblin,,9,false ,0
1126,Brambleghast,,9,false ,0
1127,Toedscool,,9,false ,0
1128,Toedscruel,,9,false ,0
1129,Klawf,,9,false ,0
1130,Capsakid,,9,false ,0
1131,Scovillain,,9,false ,0
1132,Rellor,,9,false ,0
1133,Rabsca,,9,false ,0
1134,Flittle,,9,false ,0
1135,Espathra,,9,false ,0
1136,Tinkatink,,9,false ,0
1137,Tinkatuff,,9,false ,0
1138,Tinkaton,,9,false ,0
1139,Wiglett,,9,false ,1
1140,Wugtrio,,9,false ,0
1141,Bombirdier,,9,false ,0
1142,Finizen,,9,false ,0
1143,Palafin,,9,false ,20
1144,Palafin,Hero,9,false ,0
1145,Varoom,,9,false ,0
1146,Revavroom,,9,false ,0
1147,Cyclizar,,9,false ,0
1148,Orthworm,,9,false ,0
1149,Glimmet,,9,false ,0
1150,Glimmora,,9,false ,0
1151,Greavard,,9,false ,0
1152,Houndstone,,9,false ,0
1153,Flamigo,,9,false ,0
1154,Cetoddle,,9,false ,0
1155,Cetitan,,9,false ,0
1156,Veluza,,9,false ,0
1157,Dondozo,,9,false ,0
1158,Tatsugiri,,9,false ,0
1159,Annihilape,,9,false ,19
1160,Clodsire,,9,false ,0
1161,Farigiraf,,9,false ,0
1162,Dudunsparce,,9,false ,0
1163,Dudunsparce,Three-Segment,9,false ,0
1164,Kingambit,,9,false ,19
1165,Great Tusk,,9,false ,19
1166,Scream Tail,,9,false ,0
1167,Brute Bonnet,,9,false ,0
1168,Flutter Mane,,9,false ,20
1169,Slither Wing,,9,false ,0
1170,Sandy Shocks,,9,false ,0
1171,Iron Treads,,9,false ,0
1172,Iron Bundle,,9,false ,19
1173,Iron Hands,,9,false ,0
1174,Iron Jugulis,,9,false ,0
1175,Iron Moth,,9,false ,0
1176,Iron Thorns,,9,false ,0
1177,Frigibax,,9,false ,0
1178,Arctibax,,9,false ,0
1179,Baxcalibur,,9,false ,0
1180,Gimmighoul,,9,false ,0
1181,Gimmighoul,Roaming,9,false ,0
1182,Gholdengo,,9,false ,19
1183,Wo-Chien,,9,false ,19
1184,Chien-Pao,,9,false ,0
1185,Ting-Lu,,9,false ,18
1186,Chi-Yu,,9,false ,20
1187,Roaring Moon,,9,false ,19
1188,Iron Valiant,,9,false ,18
1189,Koraidon,,9,false ,0
1190,Miraidon,,9,false ,0
1194,Walking Wake,,9,false ,0
1195,Iron Leaves,,9,false ,0
1196,Dipplin,,9,false ,0
1197,Poltchageist,,9,false ,0
1198,Sinistcha,,9,false ,0
1199,Okidogi,,9,false ,0
1200,Munkidori,,9,false ,0
1201,Fezandipiti,,9,false ,0
1202,Ogerpon,,9,false ,0
1203,Ogerpon,Cornerstone,9,false ,0
1204,Ogerpon,Hearthflame,9,false ,19
1205,Ogerpon,Wellspring,9,false ,18
1206,Archaludon,,9,false ,0
1207,Hydrapple,,9,false ,0
1208,Gouging Fire,,9,false ,19
1209,Raging Bolt,,9,false ,0
1210,Iron Boulder,,9,false ,0
1211,Iron Crown,,9,false ,0
1212,Terapagos,,9,false ,0
1213,Terapagos,Terastal,9,false ,0
1214,Terapagos,Stellar,9,false ,0
1215,Pecharunt,,9,false ,18